Tamanho do Vetor,Tempo do Shellsort_1 em ms 
100000,3.590377 
200000,7.054301 
300000,14.013745 
400000,17.421160 
500000,23.547874 
600000,27.628330 
700000,37.767916 
800000,43.215786 
900000,45.593748 
1000000,50.480985 
