Tamanho do Vetor,Tempo do Shellsort_2 em ms 
100000,3.029579 
200000,6.180443 
300000,12.570172 
400000,15.019058 
500000,23.303885 
600000,25.175896 
700000,39.153395 
800000,34.542888 
900000,40.803144 
1000000,45.395285 
