Tamanho da Entrada,Tempo em ms
5,0.00728555
10,0.0094882
25,0.019630975
50,0.03825665
