Tamanho da Entrada,Tempo em ms
5,0.0048718
10,0.006115125
25,0.01090735
50,0.022092725
